id;date;code;status
1;2023-10-24T23:00:34;empower;Garden
2;2023-10-24T14:09:03;incubate Chair orchestrate;Florida Steel
3;2023-10-24T09:57:06;Up-sized override applications;Zambia
4;2023-10-24T16:30:59;Wall;indexing
5;2023-10-24T02:44:29;Awesome deposit orchestrate;teal Cotton Rwanda
6;2023-10-24T08:41:16;Frozen;auxiliary hacking
7;2023-10-24T01:57:09;HTTP Utah;wireless sexy
8;2023-10-24T02:09:18;Account Wooden Borders;Identity
9;2023-10-24T10:50:24;Home superstructure Industrial;Bedfordshire Team-oriented transition
10;2023-10-24T14:25:22;Facilitator Lead Wooden;Home
